experiment,temp_C,time_min,MR_best_model,MR_unified_midilli,Deff_1_m2s,Deff_2_m2s,Ea_1_kJmol,Ea_2_kJmol,drying_time_total_min,slice_mm,DR_per_min
T35,35,0.0,0.9827,0.9895,6.17e-09,1.611e-08,31.26,17.75,170,2.0,0.011902999999999997
T35,35,1.0,0.970797,0.976015,6.17e-09,1.611e-08,31.26,17.75,170,2.0,0.011902999999999997
T35,35,2.0,0.959011,0.963125,6.17e-09,1.611e-08,31.26,17.75,170,2.0,0.011786000000000074
T35,35,3.0,0.947341,0.950538,6.17e-09,1.611e-08,31.26,17.75,170,2.0,0.011669999999999958
T35,35,4.0,0.935786,0.938192,6.17e-09,1.611e-08,31.26,17.75,170,2.0,0.011554999999999982
T35,35,5.0,0.924345,0.926057,6.17e-09,1.611e-08,31.26,17.75,170,2.0,0.011441000000000034
T35,35,6.0,0.913017,0.914112,6.17e-09,1.611e-08,31.26,17.75,170,2.0,0.011328000000000005
T35,35,7.0,0.9018,0.902344,6.17e-09,1.611e-08,31.26,17.75,170,2.0,0.011216999999999921
T35,35,8.0,0.890694,0.890745,6.17e-09,1.611e-08,31.26,17.75,170,2.0,0.01110600000000006
T35,35,9.0,0.879697,0.879304,6.17e-09,1.611e-08,31.26,17.75,170,2.0,0.010997000000000035
T35,35,10.0,0.868809,0.868017,6.17e-09,1.611e-08,31.26,17.75,170,2.0,0.010887999999999898
T35,35,11.0,0.858028,0.856878,6.17e-09,1.611e-08,31.26,17.75,170,2.0,0.01078100000000004
T35,35,12.0,0.847353,0.845882,6.17e-09,1.611e-08,31.26,17.75,170,2.0,0.01067499999999999
T35,35,13.0,0.836783,0.835024,6.17e-09,1.611e-08,31.26,17.75,170,2.0,0.010569999999999968
T35,35,14.0,0.826317,0.824302,6.17e-09,1.611e-08,31.26,17.75,170,2.0,0.010466000000000086
T35,35,15.0,0.815955,0.813711,6.17e-09,1.611e-08,31.26,17.75,170,2.0,0.010361999999999982
T35,35,16.0,0.805694,0.803248,6.17e-09,1.611e-08,31.26,17.75,170,2.0,0.010260999999999965
T35,35,17.0,0.795535,0.792911,6.17e-09,1.611e-08,31.26,17.75,170,2.0,0.010159000000000029
T35,35,18.0,0.785475,0.782697,6.17e-09,1.611e-08,31.26,17.75,170,2.0,0.010059999999999958
T35,35,19.0,0.775515,0.772604,6.17e-09,1.611e-08,31.26,17.75,170,2.0,0.00996000000000008
T35,35,20.0,0.765653,0.762628,6.17e-09,1.611e-08,31.26,17.75,170,2.0,0.009861999999999926
T35,35,21.0,0.755888,0.752768,6.17e-09,1.611e-08,31.26,17.75,170,2.0,0.009765000000000024
T35,35,22.0,0.746219,0.743022,6.17e-09,1.611e-08,31.26,17.75,170,2.0,0.009669000000000039
T35,35,23.0,0.736646,0.733387,6.17e-09,1.611e-08,31.26,17.75,170,2.0,0.009572999999999943
T35,35,24.0,0.727166,0.723861,6.17e-09,1.611e-08,31.26,17.75,170,2.0,0.009480000000000044
T35,35,25.0,0.71778,0.714444,6.17e-09,1.611e-08,31.26,17.75,170,2.0,0.009386000000000005
T35,35,26.0,0.708487,0.705132,6.17e-09,1.611e-08,31.26,17.75,170,2.0,0.009292999999999996
T35,35,27.0,0.699285,0.695924,6.17e-09,1.611e-08,31.26,17.75,170,2.0,0.009201999999999932
T35,35,28.0,0.690174,0.686819,6.17e-09,1.611e-08,31.26,17.75,170,2.0,0.009111000000000091
T35,35,29.0,0.681153,0.677815,6.17e-09,1.611e-08,31.26,17.75,170,2.0,0.009020999999999946
T35,35,30.0,0.67222,0.66891,6.17e-09,1.611e-08,31.26,17.75,170,2.0,0.008932999999999969
T35,35,31.0,0.663376,0.660103,6.17e-09,1.611e-08,31.26,17.75,170,2.0,0.008844000000000074
T35,35,32.0,0.654618,0.651392,6.17e-09,1.611e-08,31.26,17.75,170,2.0,0.008757999999999933
T35,35,33.0,0.645947,0.642776,6.17e-09,1.611e-08,31.26,17.75,170,2.0,0.008670999999999984
T35,35,34.0,0.637361,0.634253,6.17e-09,1.611e-08,31.26,17.75,170,2.0,0.008586000000000094
T35,35,35.0,0.62886,0.625822,6.17e-09,1.611e-08,31.26,17.75,170,2.0,0.00850099999999998
T35,35,36.0,0.620443,0.617483,6.17e-09,1.611e-08,31.26,17.75,170,2.0,0.008417000000000008
T35,35,37.0,0.612108,0.609232,6.17e-09,1.611e-08,31.26,17.75,170,2.0,0.008334999999999981
T35,35,38.0,0.603856,0.60107,6.17e-09,1.611e-08,31.26,17.75,170,2.0,0.008252000000000037
T35,35,39.0,0.595685,0.592994,6.17e-09,1.611e-08,31.26,17.75,170,2.0,0.008170999999999928
T35,35,40.0,0.587594,0.585004,6.17e-09,1.611e-08,31.26,17.75,170,2.0,0.00809100000000007
T35,35,41.0,0.579583,0.577099,6.17e-09,1.611e-08,31.26,17.75,170,2.0,0.00801099999999999
T35,35,42.0,0.571651,0.569277,6.17e-09,1.611e-08,31.26,17.75,170,2.0,0.007931999999999939
T35,35,43.0,0.563797,0.561537,6.17e-09,1.611e-08,31.26,17.75,170,2.0,0.007854000000000028
T35,35,44.0,0.556021,0.553878,6.17e-09,1.611e-08,31.26,17.75,170,2.0,0.007776000000000005
T35,35,45.0,0.548321,0.546299,6.17e-09,1.611e-08,31.26,17.75,170,2.0,0.00770000000000004
T35,35,46.0,0.540697,0.538799,6.17e-09,1.611e-08,31.26,17.75,170,2.0,0.007623999999999964
T35,35,47.0,0.533148,0.531377,6.17e-09,1.611e-08,31.26,17.75,170,2.0,0.007549000000000028
T35,35,48.0,0.525673,0.524032,6.17e-09,1.611e-08,31.26,17.75,170,2.0,0.007475000000000009
T35,35,49.0,0.518273,0.516763,6.17e-09,1.611e-08,31.26,17.75,170,2.0,0.007399999999999962
T35,35,50.0,0.510945,0.509568,6.17e-09,1.611e-08,31.26,17.75,170,2.0,0.007328000000000001
T35,35,51.0,0.503689,0.502447,6.17e-09,1.611e-08,31.26,17.75,170,2.0,0.007255999999999929
T35,35,52.0,0.496504,0.495399,6.17e-09,1.611e-08,31.26,17.75,170,2.0,0.0071850000000000525
T35,35,53.0,0.489391,0.488423,6.17e-09,1.611e-08,31.26,17.75,170,2.0,0.0071129999999999804
T35,35,54.0,0.482347,0.481518,6.17e-09,1.611e-08,31.26,17.75,170,2.0,0.007043999999999995
T35,35,55.0,0.475373,0.474683,6.17e-09,1.611e-08,31.26,17.75,170,2.0,0.006974000000000036
T35,35,56.0,0.468468,0.467917,6.17e-09,1.611e-08,31.26,17.75,170,2.0,0.0069049999999999945
T35,35,57.0,0.46163,0.461219,6.17e-09,1.611e-08,31.26,17.75,170,2.0,0.006838000000000011
T35,35,58.0,0.45486,0.454589,6.17e-09,1.611e-08,31.26,17.75,170,2.0,0.006769999999999998
T35,35,59.0,0.448157,0.448025,6.17e-09,1.611e-08,31.26,17.75,170,2.0,0.006702999999999959
T35,35,60.0,0.44152,0.441527,6.17e-09,1.611e-08,31.26,17.75,170,2.0,0.006637000000000004
T35,35,61.0,0.434948,0.435094,6.17e-09,1.611e-08,31.26,17.75,170,2.0,0.006572000000000022
T35,35,62.0,0.428441,0.428725,6.17e-09,1.611e-08,31.26,17.75,170,2.0,0.006506999999999985
T35,35,63.0,0.421998,0.42242,6.17e-09,1.611e-08,31.26,17.75,170,2.0,0.006443000000000032
T35,35,64.0,0.415618,0.416176,6.17e-09,1.611e-08,31.26,17.75,170,2.0,0.006379999999999997
T35,35,65.0,0.409301,0.409995,6.17e-09,1.611e-08,31.26,17.75,170,2.0,0.0063169999999999615
T35,35,66.0,0.403047,0.403874,6.17e-09,1.611e-08,31.26,17.75,170,2.0,0.006254000000000037
T35,35,67.0,0.396854,0.397814,6.17e-09,1.611e-08,31.26,17.75,170,2.0,0.006193000000000004
T35,35,68.0,0.390722,0.391813,6.17e-09,1.611e-08,31.26,17.75,170,2.0,0.006131999999999971
T35,35,69.0,0.384651,0.38587,6.17e-09,1.611e-08,31.26,17.75,170,2.0,0.006070999999999993
T35,35,70.0,0.378639,0.379986,6.17e-09,1.611e-08,31.26,17.75,170,2.0,0.006012000000000017
T35,35,71.0,0.372686,0.374159,6.17e-09,1.611e-08,31.26,17.75,170,2.0,0.005952999999999986
T35,35,72.0,0.366793,0.368388,6.17e-09,1.611e-08,31.26,17.75,170,2.0,0.005893000000000037
T35,35,73.0,0.360957,0.362673,6.17e-09,1.611e-08,31.26,17.75,170,2.0,0.005836000000000008
T35,35,74.0,0.355179,0.357014,6.17e-09,1.611e-08,31.26,17.75,170,2.0,0.00577799999999995
T35,35,75.0,0.349457,0.351409,6.17e-09,1.611e-08,31.26,17.75,170,2.0,0.005722000000000005
T35,35,76.0,0.343792,0.345857,6.17e-09,1.611e-08,31.26,17.75,170,2.0,0.005665000000000031
T35,35,77.0,0.338183,0.340359,6.17e-09,1.611e-08,31.26,17.75,170,2.0,0.005608999999999975
T35,35,78.0,0.332629,0.334914,6.17e-09,1.611e-08,31.26,17.75,170,2.0,0.005554000000000003
T35,35,79.0,0.32713,0.32952,6.17e-09,1.611e-08,31.26,17.75,170,2.0,0.005499000000000032
T35,35,80.0,0.321685,0.324178,6.17e-09,1.611e-08,31.26,17.75,170,2.0,0.005444999999999978
T35,35,81.0,0.316294,0.318886,6.17e-09,1.611e-08,31.26,17.75,170,2.0,0.005390999999999979
T35,35,82.0,0.310955,0.313644,6.17e-09,1.611e-08,31.26,17.75,170,2.0,0.005339000000000038
T35,35,83.0,0.30567,0.308452,6.17e-09,1.611e-08,31.26,17.75,170,2.0,0.005284999999999984
T35,35,84.0,0.300436,0.303309,6.17e-09,1.611e-08,31.26,17.75,170,2.0,0.005234000000000016
T35,35,85.0,0.295254,0.298214,6.17e-09,1.611e-08,31.26,17.75,170,2.0,0.005181999999999964
T35,35,86.0,0.290123,0.293167,6.17e-09,1.611e-08,31.26,17.75,170,2.0,0.005130999999999997
T35,35,87.0,0.285042,0.288166,6.17e-09,1.611e-08,31.26,17.75,170,2.0,0.005081000000000002
T35,35,88.0,0.280012,0.283213,6.17e-09,1.611e-08,31.26,17.75,170,2.0,0.0050300000000000344
T35,35,89.0,0.275031,0.278305,6.17e-09,1.611e-08,31.26,17.75,170,2.0,0.004980999999999958
T35,35,90.0,0.270099,0.273443,6.17e-09,1.611e-08,31.26,17.75,170,2.0,0.0049320000000000475
T35,35,91.0,0.265216,0.268625,6.17e-09,1.611e-08,31.26,17.75,170,2.0,0.004882999999999971
T35,35,92.0,0.260381,0.263852,6.17e-09,1.611e-08,31.26,17.75,170,2.0,0.004835000000000034
T35,35,93.0,0.255594,0.259123,6.17e-09,1.611e-08,31.26,17.75,170,2.0,0.004786999999999986
T35,35,94.0,0.250853,0.254437,6.17e-09,1.611e-08,31.26,17.75,170,2.0,0.004740999999999995
T35,35,95.0,0.24616,0.249794,6.17e-09,1.611e-08,31.26,17.75,170,2.0,0.004693000000000003
T35,35,96.0,0.241512,0.245194,6.17e-09,1.611e-08,31.26,17.75,170,2.0,0.0046479999999999855
T35,35,97.0,0.236911,0.240635,6.17e-09,1.611e-08,31.26,17.75,170,2.0,0.004600999999999994
T35,35,98.0,0.232354,0.236117,6.17e-09,1.611e-08,31.26,17.75,170,2.0,0.0045570000000000055
T35,35,99.0,0.227843,0.231641,6.17e-09,1.611e-08,31.26,17.75,170,2.0,0.004511000000000015
T35,35,100.0,0.223376,0.227204,6.17e-09,1.611e-08,31.26,17.75,170,2.0,0.004466999999999999
T35,35,101.0,0.218953,0.222808,6.17e-09,1.611e-08,31.26,17.75,170,2.0,0.0044229999999999825
T35,35,102.0,0.214574,0.218451,6.17e-09,1.611e-08,31.26,17.75,170,2.0,0.004379000000000022
T35,35,103.0,0.210238,0.214133,6.17e-09,1.611e-08,31.26,17.75,170,2.0,0.004335999999999979
T35,35,104.0,0.205944,0.209853,6.17e-09,1.611e-08,31.26,17.75,170,2.0,0.00429400000000002
T35,35,105.0,0.201693,0.205612,6.17e-09,1.611e-08,31.26,17.75,170,2.0,0.004250999999999977
T35,35,106.0,0.197484,0.201408,6.17e-09,1.611e-08,31.26,17.75,170,2.0,0.004209000000000018
T35,35,107.0,0.193316,0.197241,6.17e-09,1.611e-08,31.26,17.75,170,2.0,0.004168000000000005
T35,35,108.0,0.189189,0.193111,6.17e-09,1.611e-08,31.26,17.75,170,2.0,0.004126999999999992
T35,35,109.0,0.185103,0.189017,6.17e-09,1.611e-08,31.26,17.75,170,2.0,0.004086000000000006
T35,35,110.0,0.181057,0.184959,6.17e-09,1.611e-08,31.26,17.75,170,2.0,0.004045999999999994
T35,35,111.0,0.177051,0.180937,6.17e-09,1.611e-08,31.26,17.75,170,2.0,0.0040060000000000096
T35,35,112.0,0.173084,0.176949,6.17e-09,1.611e-08,31.26,17.75,170,2.0,0.003966999999999998
T35,35,113.0,0.169157,0.172997,6.17e-09,1.611e-08,31.26,17.75,170,2.0,0.003926999999999986
T35,35,114.0,0.165268,0.169078,6.17e-09,1.611e-08,31.26,17.75,170,2.0,0.0038890000000000036
T35,35,115.0,0.161417,0.165193,6.17e-09,1.611e-08,31.26,17.75,170,2.0,0.0038509999999999933
T35,35,116.0,0.157605,0.161342,6.17e-09,1.611e-08,31.26,17.75,170,2.0,0.00381200000000001
T35,35,117.0,0.15383,0.157524,6.17e-09,1.611e-08,31.26,17.75,170,2.0,0.0037750000000000006
T35,35,118.0,0.150092,0.153738,6.17e-09,1.611e-08,31.26,17.75,170,2.0,0.0037379999999999913
T35,35,119.0,0.146391,0.149985,6.17e-09,1.611e-08,31.26,17.75,170,2.0,0.00370100000000001
T35,35,120.0,0.142726,0.146264,6.17e-09,1.611e-08,31.26,17.75,170,2.0,0.0036650000000000016
T35,35,121.0,0.139098,0.142574,6.17e-09,1.611e-08,31.26,17.75,170,2.0,0.0036279999999999923
T35,35,122.0,0.135505,0.138916,6.17e-09,1.611e-08,31.26,17.75,170,2.0,0.003593000000000013
T35,35,123.0,0.131948,0.135288,6.17e-09,1.611e-08,31.26,17.75,170,2.0,0.003556999999999977
T35,35,124.0,0.128426,0.131691,6.17e-09,1.611e-08,31.26,17.75,170,2.0,0.0035219999999999974
T35,35,125.0,0.124938,0.128123,6.17e-09,1.611e-08,31.26,17.75,170,2.0,0.003488000000000019
T35,35,126.0,0.121485,0.124586,6.17e-09,1.611e-08,31.26,17.75,170,2.0,0.0034529999999999977
T35,35,127.0,0.118066,0.121078,6.17e-09,1.611e-08,31.26,17.75,170,2.0,0.0034189999999999915
T35,35,128.0,0.11468,0.117599,6.17e-09,1.611e-08,31.26,17.75,170,2.0,0.003386
T35,35,129.0,0.111328,0.114149,6.17e-09,1.611e-08,31.26,17.75,170,2.0,0.0033520000000000078
T35,35,130.0,0.108009,0.110728,6.17e-09,1.611e-08,31.26,17.75,170,2.0,0.0033190000000000025
T35,35,131.0,0.104723,0.107334,6.17e-09,1.611e-08,31.26,17.75,170,2.0,0.0032859999999999973
T35,35,132.0,0.101469,0.103968,6.17e-09,1.611e-08,31.26,17.75,170,2.0,0.003253999999999993
T35,35,133.0,0.098247,0.10063,6.17e-09,1.611e-08,31.26,17.75,170,2.0,0.0032220000000000026
T35,35,134.0,0.095056,0.097319,6.17e-09,1.611e-08,31.26,17.75,170,2.0,0.0031909999999999994
T35,35,135.0,0.091897,0.094035,6.17e-09,1.611e-08,31.26,17.75,170,2.0,0.003158999999999995
T35,35,136.0,0.08877,0.090777,6.17e-09,1.611e-08,31.26,17.75,170,2.0,0.0031270000000000048
T35,35,137.0,0.085673,0.087545,6.17e-09,1.611e-08,31.26,17.75,170,2.0,0.0030970000000000025
T35,35,138.0,0.082606,0.08434,6.17e-09,1.611e-08,31.26,17.75,170,2.0,0.0030670000000000003
T35,35,139.0,0.07957,0.08116,6.17e-09,1.611e-08,31.26,17.75,170,2.0,0.003035999999999997
T35,35,140.0,0.076564,0.078005,6.17e-09,1.611e-08,31.26,17.75,170,2.0,0.0030060000000000087
T35,35,141.0,0.073587,0.074876,6.17e-09,1.611e-08,31.26,17.75,170,2.0,0.0029769999999999935
T35,35,142.0,0.07064,0.071771,6.17e-09,1.611e-08,31.26,17.75,170,2.0,0.002947000000000005
T35,35,143.0,0.067722,0.06869,6.17e-09,1.611e-08,31.26,17.75,170,2.0,0.00291799999999999
T35,35,144.0,0.064832,0.065634,6.17e-09,1.611e-08,31.26,17.75,170,2.0,0.0028900000000000037
T35,35,145.0,0.061971,0.062602,6.17e-09,1.611e-08,31.26,17.75,170,2.0,0.0028610000000000024
T35,35,146.0,0.059138,0.059594,6.17e-09,1.611e-08,31.26,17.75,170,2.0,0.0028329999999999952
T35,35,147.0,0.056333,0.056608,6.17e-09,1.611e-08,31.26,17.75,170,2.0,0.002805000000000002
T35,35,148.0,0.053556,0.053646,6.17e-09,1.611e-08,31.26,17.75,170,2.0,0.0027770000000000017
T35,35,149.0,0.050806,0.050707,6.17e-09,1.611e-08,31.26,17.75,170,2.0,0.0027500000000000024
T35,35,150.0,0.048083,0.047791,6.17e-09,1.611e-08,31.26,17.75,170,2.0,0.0027229999999999963
T35,35,151.0,0.045387,0.044896,6.17e-09,1.611e-08,31.26,17.75,170,2.0,0.002696000000000004
T35,35,152.0,0.042717,0.042024,6.17e-09,1.611e-08,31.26,17.75,170,2.0,0.0026699999999999988
T35,35,153.0,0.040074,0.039174,6.17e-09,1.611e-08,31.26,17.75,170,2.0,0.0026429999999999995
T35,35,154.0,0.037457,0.036345,6.17e-09,1.611e-08,31.26,17.75,170,2.0,0.0026170000000000013
T35,35,155.0,0.034865,0.033538,6.17e-09,1.611e-08,31.26,17.75,170,2.0,0.002591999999999997
T35,35,156.0,0.032299,0.030752,6.17e-09,1.611e-08,31.26,17.75,170,2.0,0.002565999999999999
T35,35,157.0,0.029759,0.027986,6.17e-09,1.611e-08,31.26,17.75,170,2.0,0.0025400000000000006
T35,35,158.0,0.027243,0.025241,6.17e-09,1.611e-08,31.26,17.75,170,2.0,0.002516000000000001
T35,35,159.0,0.024752,0.022517,6.17e-09,1.611e-08,31.26,17.75,170,2.0,0.002491
T35,35,160.0,0.022286,0.019813,6.17e-09,1.611e-08,31.26,17.75,170,2.0,0.0024659999999999994
T35,35,161.0,0.019844,0.017129,6.17e-09,1.611e-08,31.26,17.75,170,2.0,0.0024419999999999997
T35,35,162.0,0.017426,0.014464,6.17e-09,1.611e-08,31.26,17.75,170,2.0,0.002418
T35,35,163.0,0.015032,0.011819,6.17e-09,1.611e-08,31.26,17.75,170,2.0,0.0023940000000000003
T35,35,164.0,0.012662,0.009193,6.17e-09,1.611e-08,31.26,17.75,170,2.0,0.0023700000000000006
T35,35,165.0,0.010315,0.006586,6.17e-09,1.611e-08,31.26,17.75,170,2.0,0.002347
T35,35,166.0,0.007991,0.003999,6.17e-09,1.611e-08,31.26,17.75,170,2.0,0.0023239999999999997
T35,35,167.0,0.005689,0.001429,6.17e-09,1.611e-08,31.26,17.75,170,2.0,0.0023020000000000002
T35,35,168.0,0.003411,0.0,6.17e-09,1.611e-08,31.26,17.75,170,2.0,0.0022779999999999996
T35,35,169.0,0.001155,0.0,6.17e-09,1.611e-08,31.26,17.75,170,2.0,0.002256
T35,35,170.0,0.0,0.0,6.17e-09,1.611e-08,31.26,17.75,170,2.0,0.001155
T45,45,0.0,1.0,1.0,8.72e-09,1.801e-08,31.26,17.75,150,2.0,0.033572999999999964
T45,45,1.0,0.966427,0.966427,8.72e-09,1.801e-08,31.26,17.75,150,2.0,0.033572999999999964
T45,45,2.0,0.935157,0.935157,8.72e-09,1.801e-08,31.26,17.75,150,2.0,0.03127000000000002
T45,45,3.0,0.907489,0.907489,8.72e-09,1.801e-08,31.26,17.75,150,2.0,0.027668000000000026
T45,45,4.0,0.882143,0.882143,8.72e-09,1.801e-08,31.26,17.75,150,2.0,0.02534599999999998
T45,45,5.0,0.858531,0.858531,8.72e-09,1.801e-08,31.26,17.75,150,2.0,0.023611999999999966
T45,45,6.0,0.83631,0.83631,8.72e-09,1.801e-08,31.26,17.75,150,2.0,0.022221000000000046
T45,45,7.0,0.815257,0.815257,8.72e-09,1.801e-08,31.26,17.75,150,2.0,0.02105299999999999
T45,45,8.0,0.795211,0.795211,8.72e-09,1.801e-08,31.26,17.75,150,2.0,0.020046000000000008
T45,45,9.0,0.776053,0.776053,8.72e-09,1.801e-08,31.26,17.75,150,2.0,0.01915800000000001
T45,45,10.0,0.757689,0.757689,8.72e-09,1.801e-08,31.26,17.75,150,2.0,0.018364000000000047
T45,45,11.0,0.740045,0.740045,8.72e-09,1.801e-08,31.26,17.75,150,2.0,0.017643999999999993
T45,45,12.0,0.723057,0.723057,8.72e-09,1.801e-08,31.26,17.75,150,2.0,0.016988000000000003
T45,45,13.0,0.706674,0.706674,8.72e-09,1.801e-08,31.26,17.75,150,2.0,0.016382999999999925
T45,45,14.0,0.690852,0.690852,8.72e-09,1.801e-08,31.26,17.75,150,2.0,0.015822000000000003
T45,45,15.0,0.675551,0.675551,8.72e-09,1.801e-08,31.26,17.75,150,2.0,0.015301000000000009
T45,45,16.0,0.660739,0.660739,8.72e-09,1.801e-08,31.26,17.75,150,2.0,0.014812000000000047
T45,45,17.0,0.646385,0.646385,8.72e-09,1.801e-08,31.26,17.75,150,2.0,0.014353999999999978
T45,45,18.0,0.632463,0.632463,8.72e-09,1.801e-08,31.26,17.75,150,2.0,0.01392199999999999
T45,45,19.0,0.61895,0.61895,8.72e-09,1.801e-08,31.26,17.75,150,2.0,0.013512999999999997
T45,45,20.0,0.605823,0.605823,8.72e-09,1.801e-08,31.26,17.75,150,2.0,0.013127
T45,45,21.0,0.593064,0.593064,8.72e-09,1.801e-08,31.26,17.75,150,2.0,0.012758999999999965
T45,45,22.0,0.580654,0.580654,8.72e-09,1.801e-08,31.26,17.75,150,2.0,0.012410000000000032
T45,45,23.0,0.568578,0.568578,8.72e-09,1.801e-08,31.26,17.75,150,2.0,0.012075999999999976
T45,45,24.0,0.55682,0.55682,8.72e-09,1.801e-08,31.26,17.75,150,2.0,0.011758000000000046
T45,45,25.0,0.545366,0.545366,8.72e-09,1.801e-08,31.26,17.75,150,2.0,0.011453999999999964
T45,45,26.0,0.534204,0.534204,8.72e-09,1.801e-08,31.26,17.75,150,2.0,0.011162000000000005
T45,45,27.0,0.523321,0.523321,8.72e-09,1.801e-08,31.26,17.75,150,2.0,0.010882999999999976
T45,45,28.0,0.512707,0.512707,8.72e-09,1.801e-08,31.26,17.75,150,2.0,0.010614000000000012
T45,45,29.0,0.50235,0.50235,8.72e-09,1.801e-08,31.26,17.75,150,2.0,0.01035700000000006
T45,45,30.0,0.492242,0.492242,8.72e-09,1.801e-08,31.26,17.75,150,2.0,0.01010799999999995
T45,45,31.0,0.482372,0.482372,8.72e-09,1.801e-08,31.26,17.75,150,2.0,0.00986999999999999
T45,45,32.0,0.472733,0.472733,8.72e-09,1.801e-08,31.26,17.75,150,2.0,0.009639000000000009
T45,45,33.0,0.463316,0.463316,8.72e-09,1.801e-08,31.26,17.75,150,2.0,0.009417000000000009
T45,45,34.0,0.454114,0.454114,8.72e-09,1.801e-08,31.26,17.75,150,2.0,0.009201999999999988
T45,45,35.0,0.445118,0.445118,8.72e-09,1.801e-08,31.26,17.75,150,2.0,0.008996000000000004
T45,45,36.0,0.436323,0.436323,8.72e-09,1.801e-08,31.26,17.75,150,2.0,0.008794999999999997
T45,45,37.0,0.427721,0.427721,8.72e-09,1.801e-08,31.26,17.75,150,2.0,0.008601999999999999
T45,45,38.0,0.419307,0.419307,8.72e-09,1.801e-08,31.26,17.75,150,2.0,0.008414000000000033
T45,45,39.0,0.411074,0.411074,8.72e-09,1.801e-08,31.26,17.75,150,2.0,0.00823299999999999
T45,45,40.0,0.403016,0.403016,8.72e-09,1.801e-08,31.26,17.75,150,2.0,0.00805800000000001
T45,45,41.0,0.395129,0.395129,8.72e-09,1.801e-08,31.26,17.75,150,2.0,0.007886999999999977
T45,45,42.0,0.387408,0.387408,8.72e-09,1.801e-08,31.26,17.75,150,2.0,0.007721000000000033
T45,45,43.0,0.379846,0.379846,8.72e-09,1.801e-08,31.26,17.75,150,2.0,0.007561999999999958
T45,45,44.0,0.37244,0.37244,8.72e-09,1.801e-08,31.26,17.75,150,2.0,0.007406000000000024
T45,45,45.0,0.365185,0.365185,8.72e-09,1.801e-08,31.26,17.75,150,2.0,0.0072550000000000114
T45,45,46.0,0.358077,0.358077,8.72e-09,1.801e-08,31.26,17.75,150,2.0,0.007108000000000003
T45,45,47.0,0.351111,0.351111,8.72e-09,1.801e-08,31.26,17.75,150,2.0,0.006965999999999972
T45,45,48.0,0.344284,0.344284,8.72e-09,1.801e-08,31.26,17.75,150,2.0,0.0068270000000000275
T45,45,49.0,0.337592,0.337592,8.72e-09,1.801e-08,31.26,17.75,150,2.0,0.006691999999999976
T45,45,50.0,0.331031,0.331031,8.72e-09,1.801e-08,31.26,17.75,150,2.0,0.0065609999999999835
T45,45,51.0,0.324597,0.324597,8.72e-09,1.801e-08,31.26,17.75,150,2.0,0.006433999999999995
T45,45,52.0,0.318287,0.318287,8.72e-09,1.801e-08,31.26,17.75,150,2.0,0.006310000000000038
T45,45,53.0,0.312098,0.312098,8.72e-09,1.801e-08,31.26,17.75,150,2.0,0.006189
T45,45,54.0,0.306027,0.306027,8.72e-09,1.801e-08,31.26,17.75,150,2.0,0.006070999999999993
T45,45,55.0,0.30007,0.30007,8.72e-09,1.801e-08,31.26,17.75,150,2.0,0.00595699999999999
T45,45,56.0,0.294225,0.294225,8.72e-09,1.801e-08,31.26,17.75,150,2.0,0.005844999999999989
T45,45,57.0,0.288489,0.288489,8.72e-09,1.801e-08,31.26,17.75,150,2.0,0.005736000000000019
T45,45,58.0,0.282859,0.282859,8.72e-09,1.801e-08,31.26,17.75,150,2.0,0.005629999999999968
T45,45,59.0,0.277332,0.277332,8.72e-09,1.801e-08,31.26,17.75,150,2.0,0.005527000000000004
T45,45,60.0,0.271906,0.271906,8.72e-09,1.801e-08,31.26,17.75,150,2.0,0.005426000000000042
T45,45,61.0,0.266579,0.266579,8.72e-09,1.801e-08,31.26,17.75,150,2.0,0.005326999999999971
T45,45,62.0,0.261347,0.261347,8.72e-09,1.801e-08,31.26,17.75,150,2.0,0.005232000000000014
T45,45,63.0,0.256209,0.256209,8.72e-09,1.801e-08,31.26,17.75,150,2.0,0.005137999999999976
T45,45,64.0,0.251163,0.251163,8.72e-09,1.801e-08,31.26,17.75,150,2.0,0.005045999999999995
T45,45,65.0,0.246206,0.246206,8.72e-09,1.801e-08,31.26,17.75,150,2.0,0.004957000000000017
T45,45,66.0,0.241336,0.241336,8.72e-09,1.801e-08,31.26,17.75,150,2.0,0.004870000000000013
T45,45,67.0,0.236551,0.236551,8.72e-09,1.801e-08,31.26,17.75,150,2.0,0.004784999999999984
T45,45,68.0,0.231849,0.231849,8.72e-09,1.801e-08,31.26,17.75,150,2.0,0.004702000000000012
T45,45,69.0,0.227228,0.227228,8.72e-09,1.801e-08,31.26,17.75,150,2.0,0.004620999999999986
T45,45,70.0,0.222687,0.222687,8.72e-09,1.801e-08,31.26,17.75,150,2.0,0.004541000000000017
T45,45,71.0,0.218223,0.218223,8.72e-09,1.801e-08,31.26,17.75,150,2.0,0.004463999999999996
T45,45,72.0,0.213835,0.213835,8.72e-09,1.801e-08,31.26,17.75,150,2.0,0.004388000000000003
T45,45,73.0,0.209521,0.209521,8.72e-09,1.801e-08,31.26,17.75,150,2.0,0.0043139999999999845
T45,45,74.0,0.20528,0.20528,8.72e-09,1.801e-08,31.26,17.75,150,2.0,0.0042410000000000225
T45,45,75.0,0.201109,0.201109,8.72e-09,1.801e-08,31.26,17.75,150,2.0,0.00417099999999998
T45,45,76.0,0.197007,0.197007,8.72e-09,1.801e-08,31.26,17.75,150,2.0,0.004102000000000022
T45,45,77.0,0.192973,0.192973,8.72e-09,1.801e-08,31.26,17.75,150,2.0,0.004033999999999982
T45,45,78.0,0.189005,0.189005,8.72e-09,1.801e-08,31.26,17.75,150,2.0,0.003967999999999999
T45,45,79.0,0.185103,0.185103,8.72e-09,1.801e-08,31.26,17.75,150,2.0,0.0039020000000000166
T45,45,80.0,0.181263,0.181263,8.72e-09,1.801e-08,31.26,17.75,150,2.0,0.0038399999999999823
T45,45,81.0,0.177486,0.177486,8.72e-09,1.801e-08,31.26,17.75,150,2.0,0.0037770000000000026
T45,45,82.0,0.173769,0.173769,8.72e-09,1.801e-08,31.26,17.75,150,2.0,0.003716999999999998
T45,45,83.0,0.170111,0.170111,8.72e-09,1.801e-08,31.26,17.75,150,2.0,0.0036579999999999946
T45,45,84.0,0.166512,0.166512,8.72e-09,1.801e-08,31.26,17.75,150,2.0,0.003599000000000019
T45,45,85.0,0.16297,0.16297,8.72e-09,1.801e-08,31.26,17.75,150,2.0,0.0035419999999999896
T45,45,86.0,0.159483,0.159483,8.72e-09,1.801e-08,31.26,17.75,150,2.0,0.00348699999999999
T45,45,87.0,0.156051,0.156051,8.72e-09,1.801e-08,31.26,17.75,150,2.0,0.0034320000000000184
T45,45,88.0,0.152672,0.152672,8.72e-09,1.801e-08,31.26,17.75,150,2.0,0.003378999999999993
T45,45,89.0,0.149346,0.149346,8.72e-09,1.801e-08,31.26,17.75,150,2.0,0.0033259999999999956
T45,45,90.0,0.146071,0.146071,8.72e-09,1.801e-08,31.26,17.75,150,2.0,0.003275
T45,45,91.0,0.142846,0.142846,8.72e-09,1.801e-08,31.26,17.75,150,2.0,0.0032250000000000056
T45,45,92.0,0.139671,0.139671,8.72e-09,1.801e-08,31.26,17.75,150,2.0,0.003175000000000011
T45,45,93.0,0.136543,0.136543,8.72e-09,1.801e-08,31.26,17.75,150,2.0,0.003127999999999992
T45,45,94.0,0.133463,0.133463,8.72e-09,1.801e-08,31.26,17.75,150,2.0,0.0030799999999999994
T45,45,95.0,0.130429,0.130429,8.72e-09,1.801e-08,31.26,17.75,150,2.0,0.003034000000000009
T45,45,96.0,0.127441,0.127441,8.72e-09,1.801e-08,31.26,17.75,150,2.0,0.0029879999999999907
T45,45,97.0,0.124496,0.124496,8.72e-09,1.801e-08,31.26,17.75,150,2.0,0.002945000000000003
T45,45,98.0,0.121596,0.121596,8.72e-09,1.801e-08,31.26,17.75,150,2.0,0.0029
T45,45,99.0,0.118738,0.118738,8.72e-09,1.801e-08,31.26,17.75,150,2.0,0.0028579999999999994
T45,45,100.0,0.115922,0.115922,8.72e-09,1.801e-08,31.26,17.75,150,2.0,0.002815999999999999
T45,45,101.0,0.113147,0.113147,8.72e-09,1.801e-08,31.26,17.75,150,2.0,0.0027749999999999997
T45,45,102.0,0.110412,0.110412,8.72e-09,1.801e-08,31.26,17.75,150,2.0,0.0027350000000000013
T45,45,103.0,0.107717,0.107717,8.72e-09,1.801e-08,31.26,17.75,150,2.0,0.002695000000000003
T45,45,104.0,0.105061,0.105061,8.72e-09,1.801e-08,31.26,17.75,150,2.0,0.0026559999999999917
T45,45,105.0,0.102442,0.102442,8.72e-09,1.801e-08,31.26,17.75,150,2.0,0.0026189999999999963
T45,45,106.0,0.099861,0.099861,8.72e-09,1.801e-08,31.26,17.75,150,2.0,0.002581
T45,45,107.0,0.097316,0.097316,8.72e-09,1.801e-08,31.26,17.75,150,2.0,0.0025450000000000056
T45,45,108.0,0.094807,0.094807,8.72e-09,1.801e-08,31.26,17.75,150,2.0,0.0025089999999999973
T45,45,109.0,0.092333,0.092333,8.72e-09,1.801e-08,31.26,17.75,150,2.0,0.002474000000000004
T45,45,110.0,0.089893,0.089893,8.72e-09,1.801e-08,31.26,17.75,150,2.0,0.0024399999999999977
T45,45,111.0,0.087487,0.087487,8.72e-09,1.801e-08,31.26,17.75,150,2.0,0.0024060000000000054
T45,45,112.0,0.085115,0.085115,8.72e-09,1.801e-08,31.26,17.75,150,2.0,0.002371999999999999
T45,45,113.0,0.082775,0.082775,8.72e-09,1.801e-08,31.26,17.75,150,2.0,0.002339999999999995
T45,45,114.0,0.080467,0.080467,8.72e-09,1.801e-08,31.26,17.75,150,2.0,0.0023080000000000045
T45,45,115.0,0.07819,0.07819,8.72e-09,1.801e-08,31.26,17.75,150,2.0,0.0022770000000000012
T45,45,116.0,0.075944,0.075944,8.72e-09,1.801e-08,31.26,17.75,150,2.0,0.002245999999999998
T45,45,117.0,0.073729,0.073729,8.72e-09,1.801e-08,31.26,17.75,150,2.0,0.0022149999999999948
T45,45,118.0,0.071542,0.071542,8.72e-09,1.801e-08,31.26,17.75,150,2.0,0.0021870000000000084
T45,45,119.0,0.069385,0.069385,8.72e-09,1.801e-08,31.26,17.75,150,2.0,0.0021569999999999923
T45,45,120.0,0.067257,0.067257,8.72e-09,1.801e-08,31.26,17.75,150,2.0,0.002128000000000005
T45,45,121.0,0.065156,0.065156,8.72e-09,1.801e-08,31.26,17.75,150,2.0,0.0021009999999999918
T45,45,122.0,0.063084,0.063084,8.72e-09,1.801e-08,31.26,17.75,150,2.0,0.0020720000000000044
T45,45,123.0,0.061038,0.061038,8.72e-09,1.801e-08,31.26,17.75,150,2.0,0.002045999999999999
T45,45,124.0,0.059018,0.059018,8.72e-09,1.801e-08,31.26,17.75,150,2.0,0.002020000000000001
T45,45,125.0,0.057025,0.057025,8.72e-09,1.801e-08,31.26,17.75,150,2.0,0.0019930000000000017
T45,45,126.0,0.055057,0.055057,8.72e-09,1.801e-08,31.26,17.75,150,2.0,0.0019679999999999975
T45,45,127.0,0.053115,0.053115,8.72e-09,1.801e-08,31.26,17.75,150,2.0,0.0019419999999999993
T45,45,128.0,0.051197,0.051197,8.72e-09,1.801e-08,31.26,17.75,150,2.0,0.001918000000000003
T45,45,129.0,0.049303,0.049303,8.72e-09,1.801e-08,31.26,17.75,150,2.0,0.0018939999999999999
T45,45,130.0,0.047433,0.047433,8.72e-09,1.801e-08,31.26,17.75,150,2.0,0.0018699999999999967
T45,45,131.0,0.045586,0.045586,8.72e-09,1.801e-08,31.26,17.75,150,2.0,0.0018470000000000014
T45,45,132.0,0.043763,0.043763,8.72e-09,1.801e-08,31.26,17.75,150,2.0,0.0018229999999999982
T45,45,133.0,0.041962,0.041962,8.72e-09,1.801e-08,31.26,17.75,150,2.0,0.001801000000000004
T45,45,134.0,0.040183,0.040183,8.72e-09,1.801e-08,31.26,17.75,150,2.0,0.0017789999999999959
T45,45,135.0,0.038426,0.038426,8.72e-09,1.801e-08,31.26,17.75,150,2.0,0.0017570000000000016
T45,45,136.0,0.03669,0.03669,8.72e-09,1.801e-08,31.26,17.75,150,2.0,0.0017360000000000014
T45,45,137.0,0.034975,0.034975,8.72e-09,1.801e-08,31.26,17.75,150,2.0,0.0017150000000000012
T45,45,138.0,0.033281,0.033281,8.72e-09,1.801e-08,31.26,17.75,150,2.0,0.001694000000000001
T45,45,139.0,0.031607,0.031607,8.72e-09,1.801e-08,31.26,17.75,150,2.0,0.001673999999999995
T45,45,140.0,0.029953,0.029953,8.72e-09,1.801e-08,31.26,17.75,150,2.0,0.0016540000000000027
T45,45,141.0,0.028319,0.028319,8.72e-09,1.801e-08,31.26,17.75,150,2.0,0.001634
T45,45,142.0,0.026704,0.026704,8.72e-09,1.801e-08,31.26,17.75,150,2.0,0.0016150000000000019
T45,45,143.0,0.025108,0.025108,8.72e-09,1.801e-08,31.26,17.75,150,2.0,0.0015960000000000002
T45,45,144.0,0.02353,0.02353,8.72e-09,1.801e-08,31.26,17.75,150,2.0,0.0015779999999999995
T45,45,145.0,0.021971,0.021971,8.72e-09,1.801e-08,31.26,17.75,150,2.0,0.0015589999999999979
T45,45,146.0,0.020429,0.020429,8.72e-09,1.801e-08,31.26,17.75,150,2.0,0.0015420000000000017
T45,45,147.0,0.018906,0.018906,8.72e-09,1.801e-08,31.26,17.75,150,2.0,0.001523
T45,45,148.0,0.017399,0.017399,8.72e-09,1.801e-08,31.26,17.75,150,2.0,0.001506999999999998
T45,45,149.0,0.01591,0.01591,8.72e-09,1.801e-08,31.26,17.75,150,2.0,0.0014890000000000007
T45,45,150.0,0.014437,0.014437,8.72e-09,1.801e-08,31.26,17.75,150,2.0,0.0014730000000000004
T55,55,0.0,1.0,1.0,1.298e-08,2.463e-08,31.26,17.75,120,2.0,0.03375700000000004
T55,55,1.0,0.966243,0.977901,1.298e-08,2.463e-08,31.26,17.75,120,2.0,0.03375700000000004
T55,55,2.0,0.933625,0.945868,1.298e-08,2.463e-08,31.26,17.75,120,2.0,0.032617999999999925
T55,55,3.0,0.902109,0.914492,1.298e-08,2.463e-08,31.26,17.75,120,2.0,0.03151599999999999
T55,55,4.0,0.871656,0.883913,1.298e-08,2.463e-08,31.26,17.75,120,2.0,0.030453000000000063
T55,55,5.0,0.842232,0.854181,1.298e-08,2.463e-08,31.26,17.75,120,2.0,0.029424000000000006
T55,55,6.0,0.813801,0.825314,1.298e-08,2.463e-08,31.26,17.75,120,2.0,0.028430999999999984
T55,55,7.0,0.786329,0.797317,1.298e-08,2.463e-08,31.26,17.75,120,2.0,0.027472000000000052
T55,55,8.0,0.759785,0.770182,1.298e-08,2.463e-08,31.26,17.75,120,2.0,0.0265439999999999
T55,55,9.0,0.734137,0.743898,1.298e-08,2.463e-08,31.26,17.75,120,2.0,0.025648000000000004
T55,55,10.0,0.709354,0.71845,1.298e-08,2.463e-08,31.26,17.75,120,2.0,0.024783
T55,55,11.0,0.685409,0.693821,1.298e-08,2.463e-08,31.26,17.75,120,2.0,0.023944999999999994
T55,55,12.0,0.662271,0.669991,1.298e-08,2.463e-08,31.26,17.75,120,2.0,0.023137999999999992
T55,55,13.0,0.639915,0.646941,1.298e-08,2.463e-08,31.26,17.75,120,2.0,0.022356000000000043
T55,55,14.0,0.618313,0.62465,1.298e-08,2.463e-08,31.26,17.75,120,2.0,0.02160200000000001
T55,55,15.0,0.597441,0.603099,1.298e-08,2.463e-08,31.26,17.75,120,2.0,0.020872
T55,55,16.0,0.577273,0.582265,1.298e-08,2.463e-08,31.26,17.75,120,2.0,0.020167999999999964
T55,55,17.0,0.557786,0.56213,1.298e-08,2.463e-08,31.26,17.75,120,2.0,0.019487000000000032
T55,55,18.0,0.538957,0.542671,1.298e-08,2.463e-08,31.26,17.75,120,2.0,0.018828999999999985
T55,55,19.0,0.520763,0.52387,1.298e-08,2.463e-08,31.26,17.75,120,2.0,0.018194000000000043
T55,55,20.0,0.503184,0.505706,1.298e-08,2.463e-08,31.26,17.75,120,2.0,0.01757900000000001
T55,55,21.0,0.486198,0.48816,1.298e-08,2.463e-08,31.26,17.75,120,2.0,0.016985999999999946
T55,55,22.0,0.469785,0.471212,1.298e-08,2.463e-08,31.26,17.75,120,2.0,0.01641300000000001
T55,55,23.0,0.453926,0.454844,1.298e-08,2.463e-08,31.26,17.75,120,2.0,0.015859000000000012
T55,55,24.0,0.438603,0.439037,1.298e-08,2.463e-08,31.26,17.75,120,2.0,0.015322999999999976
T55,55,25.0,0.423797,0.423774,1.298e-08,2.463e-08,31.26,17.75,120,2.0,0.014806000000000041
T55,55,26.0,0.409491,0.409037,1.298e-08,2.463e-08,31.26,17.75,120,2.0,0.014305999999999985
T55,55,27.0,0.395668,0.39481,1.298e-08,2.463e-08,31.26,17.75,120,2.0,0.013822999999999974
T55,55,28.0,0.382311,0.381075,1.298e-08,2.463e-08,31.26,17.75,120,2.0,0.013357000000000008
T55,55,29.0,0.369406,0.367816,1.298e-08,2.463e-08,31.26,17.75,120,2.0,0.012905
T55,55,30.0,0.356936,0.355019,1.298e-08,2.463e-08,31.26,17.75,120,2.0,0.012470000000000037
T55,55,31.0,0.344886,0.342667,1.298e-08,2.463e-08,31.26,17.75,120,2.0,0.01204999999999995
T55,55,32.0,0.333244,0.330746,1.298e-08,2.463e-08,31.26,17.75,120,2.0,0.011642000000000041
T55,55,33.0,0.321995,0.319242,1.298e-08,2.463e-08,31.26,17.75,120,2.0,0.011249000000000009
T55,55,34.0,0.311125,0.308141,1.298e-08,2.463e-08,31.26,17.75,120,2.0,0.01086999999999999
T55,55,35.0,0.300622,0.297429,1.298e-08,2.463e-08,31.26,17.75,120,2.0,0.010502999999999985
T55,55,36.0,0.290474,0.287094,1.298e-08,2.463e-08,31.26,17.75,120,2.0,0.01014799999999999
T55,55,37.0,0.280669,0.277122,1.298e-08,2.463e-08,31.26,17.75,120,2.0,0.009805000000000008
T55,55,38.0,0.271194,0.267502,1.298e-08,2.463e-08,31.26,17.75,120,2.0,0.009475000000000011
T55,55,39.0,0.26204,0.258222,1.298e-08,2.463e-08,31.26,17.75,120,2.0,0.009153999999999995
T55,55,40.0,0.253194,0.249269,1.298e-08,2.463e-08,31.26,17.75,120,2.0,0.00884600000000002
T55,55,41.0,0.244647,0.240633,1.298e-08,2.463e-08,31.26,17.75,120,2.0,0.008546999999999971
T55,55,42.0,0.236388,0.232304,1.298e-08,2.463e-08,31.26,17.75,120,2.0,0.008259000000000016
T55,55,43.0,0.228408,0.22427,1.298e-08,2.463e-08,31.26,17.75,120,2.0,0.007979999999999987
T55,55,44.0,0.220698,0.216522,1.298e-08,2.463e-08,31.26,17.75,120,2.0,0.007709999999999995
T55,55,45.0,0.213248,0.20905,1.298e-08,2.463e-08,31.26,17.75,120,2.0,0.007450000000000012
T55,55,46.0,0.206049,0.201844,1.298e-08,2.463e-08,31.26,17.75,120,2.0,0.007198999999999983
T55,55,47.0,0.199094,0.194895,1.298e-08,2.463e-08,31.26,17.75,120,2.0,0.006955000000000017
T55,55,48.0,0.192373,0.188195,1.298e-08,2.463e-08,31.26,17.75,120,2.0,0.006721000000000005
T55,55,49.0,0.185879,0.181734,1.298e-08,2.463e-08,31.26,17.75,120,2.0,0.006494
T55,55,50.0,0.179604,0.175505,1.298e-08,2.463e-08,31.26,17.75,120,2.0,0.006274999999999975
T55,55,51.0,0.173541,0.1695,1.298e-08,2.463e-08,31.26,17.75,120,2.0,0.006063000000000013
T55,55,52.0,0.167683,0.16371,1.298e-08,2.463e-08,31.26,17.75,120,2.0,0.005858000000000002
T55,55,53.0,0.162023,0.158129,1.298e-08,2.463e-08,31.26,17.75,120,2.0,0.005659999999999998
T55,55,54.0,0.156553,0.152749,1.298e-08,2.463e-08,31.26,17.75,120,2.0,0.005470000000000003
T55,55,55.0,0.151268,0.147563,1.298e-08,2.463e-08,31.26,17.75,120,2.0,0.005284999999999984
T55,55,56.0,0.146162,0.142564,1.298e-08,2.463e-08,31.26,17.75,120,2.0,0.005106000000000027
T55,55,57.0,0.141228,0.137747,1.298e-08,2.463e-08,31.26,17.75,120,2.0,0.004933999999999994
T55,55,58.0,0.136461,0.133103,1.298e-08,2.463e-08,31.26,17.75,120,2.0,0.0047669999999999935
T55,55,59.0,0.131854,0.128629,1.298e-08,2.463e-08,31.26,17.75,120,2.0,0.004607
T55,55,60.0,0.127403,0.124316,1.298e-08,2.463e-08,31.26,17.75,120,2.0,0.0044510000000000105
T55,55,61.0,0.123102,0.120161,1.298e-08,2.463e-08,31.26,17.75,120,2.0,0.004300999999999985
T55,55,62.0,0.118947,0.116157,1.298e-08,2.463e-08,31.26,17.75,120,2.0,0.004155000000000006
T55,55,63.0,0.114931,0.1123,1.298e-08,2.463e-08,31.26,17.75,120,2.0,0.004015999999999992
T55,55,64.0,0.111052,0.108583,1.298e-08,2.463e-08,31.26,17.75,120,2.0,0.0038790000000000074
T55,55,65.0,0.107303,0.105002,1.298e-08,2.463e-08,31.26,17.75,120,2.0,0.0037490000000000023
T55,55,66.0,0.103681,0.101553,1.298e-08,2.463e-08,31.26,17.75,120,2.0,0.0036220000000000002
T55,55,67.0,0.100181,0.09823,1.298e-08,2.463e-08,31.26,17.75,120,2.0,0.0034999999999999892
T55,55,68.0,0.096799,0.095029,1.298e-08,2.463e-08,31.26,17.75,120,2.0,0.00338200000000001
T55,55,69.0,0.093531,0.091947,1.298e-08,2.463e-08,31.26,17.75,120,2.0,0.003267999999999993
T55,55,70.0,0.090374,0.088978,1.298e-08,2.463e-08,31.26,17.75,120,2.0,0.003157000000000007
T55,55,71.0,0.087323,0.086118,1.298e-08,2.463e-08,31.26,17.75,120,2.0,0.003050999999999998
T55,55,72.0,0.084375,0.083365,1.298e-08,2.463e-08,31.26,17.75,120,2.0,0.0029479999999999923
T55,55,73.0,0.081527,0.080714,1.298e-08,2.463e-08,31.26,17.75,120,2.0,0.0028480000000000033
T55,55,74.0,0.078775,0.078161,1.298e-08,2.463e-08,31.26,17.75,120,2.0,0.0027520000000000044
T55,55,75.0,0.076116,0.075703,1.298e-08,2.463e-08,31.26,17.75,120,2.0,0.0026589999999999947
T55,55,76.0,0.073546,0.073337,1.298e-08,2.463e-08,31.26,17.75,120,2.0,0.002570000000000003
T55,55,77.0,0.071064,0.071059,1.298e-08,2.463e-08,31.26,17.75,120,2.0,0.002481999999999998
T55,55,78.0,0.068665,0.068867,1.298e-08,2.463e-08,31.26,17.75,120,2.0,0.0023989999999999984
T55,55,79.0,0.066347,0.066757,1.298e-08,2.463e-08,31.26,17.75,120,2.0,0.0023180000000000006
T55,55,80.0,0.064107,0.064726,1.298e-08,2.463e-08,31.26,17.75,120,2.0,0.002240000000000006
T55,55,81.0,0.061943,0.062771,1.298e-08,2.463e-08,31.26,17.75,120,2.0,0.0021639999999999993
T55,55,82.0,0.059852,0.060891,1.298e-08,2.463e-08,31.26,17.75,120,2.0,0.0020909999999999956
T55,55,83.0,0.057832,0.059082,1.298e-08,2.463e-08,31.26,17.75,120,2.0,0.002020000000000001
T55,55,84.0,0.055879,0.057341,1.298e-08,2.463e-08,31.26,17.75,120,2.0,0.0019530000000000033
T55,55,85.0,0.053993,0.055666,1.298e-08,2.463e-08,31.26,17.75,120,2.0,0.0018859999999999988
T55,55,86.0,0.05217,0.054056,1.298e-08,2.463e-08,31.26,17.75,120,2.0,0.0018229999999999982
T55,55,87.0,0.050409,0.052507,1.298e-08,2.463e-08,31.26,17.75,120,2.0,0.0017609999999999987
T55,55,88.0,0.048708,0.051017,1.298e-08,2.463e-08,31.26,17.75,120,2.0,0.0017010000000000011
T55,55,89.0,0.047063,0.049585,1.298e-08,2.463e-08,31.26,17.75,120,2.0,0.0016450000000000006
T55,55,90.0,0.045475,0.048207,1.298e-08,2.463e-08,31.26,17.75,120,2.0,0.0015879999999999991
T55,55,91.0,0.04394,0.046884,1.298e-08,2.463e-08,31.26,17.75,120,2.0,0.0015350000000000016
T55,55,92.0,0.042456,0.045611,1.298e-08,2.463e-08,31.26,17.75,120,2.0,0.0014839999999999992
T55,55,93.0,0.041023,0.044388,1.298e-08,2.463e-08,31.26,17.75,120,2.0,0.0014330000000000037
T55,55,94.0,0.039638,0.043213,1.298e-08,2.463e-08,31.26,17.75,120,2.0,0.0013849999999999973
T55,55,95.0,0.0383,0.042083,1.298e-08,2.463e-08,31.26,17.75,120,2.0,0.001337999999999999
T55,55,96.0,0.037007,0.040998,1.298e-08,2.463e-08,31.26,17.75,120,2.0,0.0012930000000000025
T55,55,97.0,0.035758,0.039956,1.298e-08,2.463e-08,31.26,17.75,120,2.0,0.0012490000000000001
T55,55,98.0,0.034551,0.038955,1.298e-08,2.463e-08,31.26,17.75,120,2.0,0.0012069999999999997
T55,55,99.0,0.033385,0.037994,1.298e-08,2.463e-08,31.26,17.75,120,2.0,0.0011660000000000004
T55,55,100.0,0.032258,0.037072,1.298e-08,2.463e-08,31.26,17.75,120,2.0,0.001126999999999996
T55,55,101.0,0.031169,0.036186,1.298e-08,2.463e-08,31.26,17.75,120,2.0,0.0010890000000000032
T55,55,102.0,0.030117,0.035336,1.298e-08,2.463e-08,31.26,17.75,120,2.0,0.0010519999999999974
T55,55,103.0,0.0291,0.03452,1.298e-08,2.463e-08,31.26,17.75,120,2.0,0.0010170000000000005
T55,55,104.0,0.028118,0.033738,1.298e-08,2.463e-08,31.26,17.75,120,2.0,0.0009820000000000002
T55,55,105.0,0.027168,0.032987,1.298e-08,2.463e-08,31.26,17.75,120,2.0,0.0009499999999999995
T55,55,106.0,0.026251,0.032268,1.298e-08,2.463e-08,31.26,17.75,120,2.0,0.0009170000000000011
T55,55,107.0,0.025365,0.031578,1.298e-08,2.463e-08,31.26,17.75,120,2.0,0.0008860000000000014
T55,55,108.0,0.024509,0.030916,1.298e-08,2.463e-08,31.26,17.75,120,2.0,0.0008559999999999991
T55,55,109.0,0.023682,0.030282,1.298e-08,2.463e-08,31.26,17.75,120,2.0,0.0008269999999999979
T55,55,110.0,0.022882,0.029675,1.298e-08,2.463e-08,31.26,17.75,120,2.0,0.0008000000000000021
T55,55,111.0,0.02211,0.029094,1.298e-08,2.463e-08,31.26,17.75,120,2.0,0.0007719999999999984
T55,55,112.0,0.021363,0.028537,1.298e-08,2.463e-08,31.26,17.75,120,2.0,0.0007470000000000011
T55,55,113.0,0.020642,0.028004,1.298e-08,2.463e-08,31.26,17.75,120,2.0,0.0007209999999999994
T55,55,114.0,0.019945,0.027494,1.298e-08,2.463e-08,31.26,17.75,120,2.0,0.0006969999999999997
T55,55,115.0,0.019272,0.027006,1.298e-08,2.463e-08,31.26,17.75,120,2.0,0.000673
T55,55,116.0,0.018621,0.02654,1.298e-08,2.463e-08,31.26,17.75,120,2.0,0.0006510000000000023
T55,55,117.0,0.017993,0.026094,1.298e-08,2.463e-08,31.26,17.75,120,2.0,0.0006280000000000001
T55,55,118.0,0.017385,0.025668,1.298e-08,2.463e-08,31.26,17.75,120,2.0,0.0006079999999999974
T55,55,119.0,0.016799,0.025261,1.298e-08,2.463e-08,31.26,17.75,120,2.0,0.0005859999999999997
T55,55,120.0,0.016232,0.024872,1.298e-08,2.463e-08,31.26,17.75,120,2.0,0.0005670000000000015
